Time_1,Time_2,Time_3,Time_4,Time_5
3441,3405,3642,2326,3709
3536,3446,3719,2299,3682
3452,3480,3676,2295,3691
3602,3497,3783,2337,3660
3711,3499,3678,2323,3746
3308,3466,3616,2291,3721
3571,3484,3746,2323,3711
3549,3460,3656,2293,3743
3700,3452,3703,2293,3695
3715,3493,3758,2300,3696
3688,3412,3752,2278,3679
3663,3479,3667,2298,3673
3600,3495,3685,2305,3710
3404,3485,3724,2310,3726
3658,3438,3736,2282,3720
3616,3449,3689,2293,3713
3656,3422,3695,2319,3686
3544,3429,3718,2311,3702
3679,3421,3689,2272,3706
3567,3449,3642,2286,3686
3696,3489,3706,2299,3728
3609,3411,3689,2298,3698
3576,3488,3728,2306,3731
3508,3485,3717,2321,3723
3667,3451,3674,2288,3705
3675,3484,3712,2291,3710
3602,3436,3726,2311,3682
3624,3424,3663,2309,3687
3584,3519,3702,2325,3686
3716,3455,3759,2318,3669
3544,3456,3724,2290,3720
3756,3492,3663,2290,3714
3653,3449,3739,2300,3693
3692,3467,3721,2314,3727
3431,3503,3706,2301,3669
3721,3448,3730,2306,3703
3674,3475,3721,2322,3717
3432,3406,3738,2303,3744
3674,3460,3678,2312,3709
3734,3416,3698,2303,3690
3586,3480,3709,2320,3708
3666,3441,3758,2321,3677
3465,3469,3730,2326,3702
3677,3472,3705,2309,3722
3728,3480,3701,2306,3705
3670,3464,3678,2294,3696
3575,3463,3641,2297,3693
3681,3451,3743,2317,3710
3633,3474,3677,2306,3704
3812,3463,3721,2291,3696
3364,3440,3747,2311,3690
3713,3481,3669,2313,3709
3514,3446,3702,2298,3689
3579,3490,3687,2317,3695
3601,3403,3723,2303,3671
3728,3420,3731,2298,3683
3789,3452,3689,2314,3696
3772,3417,3724,2271,3701
3621,3472,3725,2295,3702
3454,3499,3674,2297,3680
3653,3448,3678,2303,3681
3935,3501,3745,2283,3695
3736,3456,3740,2315,3707
3363,3461,3776,2300,3689
3638,3488,3669,2309,3663
3567,3490,3645,2334,3675
3553,3461,3721,2322,3703
3632,3474,3651,2315,3713
3683,3408,3703,2313,3742
3675,3426,3777,2284,3668
3577,3460,3737,2282,3700
3633,3451,3703,2309,3674
3521,3413,3735,2326,3691
3486,3385,3743,2317,3709
3399,3510,3755,2302,3679
3652,3485,3712,2293,3742
3469,3443,3688,2289,3718
3644,3480,3664,2315,3703
3803,3477,3683,2321,3684
3438,3481,3784,2298,3735
3574,3430,3763,2294,3685
3473,3482,3732,2292,3698
3522,3435,3736,2297,3671
3611,3501,3751,2294,3699
3728,3411,3668,2311,3707
3623,3489,3763,2293,3683
3625,3472,3708,2313,3702
3722,3487,3724,2298,3698
3681,3447,3698,2284,3720
3723,3383,3715,2331,3691
3608,3468,3683,2302,3696
3907,3448,3705,2314,3699
3505,3491,3669,2320,3672
3492,3484,3667,2293,3703
3576,3442,3711,2294,3666
3629,3381,3722,2333,3713
3380,3438,3687,2327,3736
3628,3454,3676,2335,3708
3558,3457,3707,2293,3687
3524,3493,3691,2297,3695
3751,3411,3639,2273,3713
3736,3426,3647,2297,3707
3709,3445,3688,2288,3710
3387,3492,3711,2280,3670
3459,3458,3739,2289,3707
3676,3427,3656,2304,3714
3638,3463,3675,2322,3741
3423,3452,3693,2290,3672
3694,3478,3637,2289,3704
3776,3423,3692,2304,3697
3729,3399,3714,2315,3729
3596,3454,3719,2302,3661
3656,3458,3675,2280,3673
3646,3469,3725,2337,3738
3653,3488,3709,2314,3711
3557,3439,3672,2304,3720
3456,3413,3671,2319,3713
3497,3429,3725,2321,3709
3465,3481,3695,2296,3703
3742,3477,3682,2297,3691
3759,3460,3687,2323,3726
3693,3460,3698,2282,3687
3445,3417,3698,2320,3741
3380,3442,3751,2314,3717
3781,3454,3718,2322,3665
3729,3515,3709,2290,3721
3596,3434,3656,2312,3669
3644,3466,3762,2285,3737
3535,3459,3727,2291,3754
3395,3471,3727,2298,3719
3604,3450,3745,2319,3735
3608,3480,3658,2307,3739
3601,3462,3704,2311,3676
3709,3464,3644,2285,3697
3730,3430,3730,2325,3697
3644,3476,3687,2295,3681
3559,3436,3710,2302,3719
3726,3429,3712,2296,3712
3637,3498,3740,2299,3703
3620,3524,3644,2320,3722
3511,3412,3675,2288,3725
3657,3474,3623,2316,3700
3425,3494,3767,2318,3751
3648,3442,3706,2320,3696
3602,3484,3731,2316,3666
3708,3440,3685,2278,3687
3572,3411,3709,2331,3673
3598,3447,3763,2310,3672
3585,3435,3716,2303,3702
3692,3422,3711,2323,3698
3426,3466,3752,2293,3721
3469,3452,3668,2305,3713
3535,3414,3702,2302,3688
3527,3444,3698,2297,3703
3753,3396,3661,2316,3692
3849,3420,3695,2339,3710
3733,3502,3695,2298,3684
3601,3412,3699,2316,3709
3616,3417,3686,2299,3696
3821,3455,3719,2328,3697
3681,3483,3640,2276,3701
3692,3443,3734,2307,3681
3613,3456,3741,2277,3695
3749,3456,3693,2308,3688
3718,3500,3693,2309,3684
3410,3506,3742,2279,3688
3673,3488,3694,2295,3705
3438,3444,3725,2296,3692
3697,3431,3715,2313,3706
3361,3487,3722,2304,3686
3298,3437,3699,2297,3699
3764,3493,3698,2318,3687
3713,3469,3729,2301,3731
3588,3416,3744,2279,3706
3676,3459,3746,2308,3704
3724,3504,3751,2311,3720
3714,3414,3663,2312,3673
3751,3411,3679,2279,3728
3668,3463,3708,2332,3736
3602,3387,3697,2303,3717
3649,3431,3687,2329,3699
3568,3452,3701,2305,3702
3520,3441,3730,2280,3730
3455,3466,3699,2301,3690
3635,3479,3735,2288,3693
3795,3437,3758,2299,3711
3685,3457,3711,2292,3717
3849,3403,3685,2306,3721
3559,3477,3663,2310,3722
3590,3441,3760,2299,3683
3634,3460,3735,2327,3736
3454,3452,3714,2305,3732
3721,3455,3666,2295,3667
3666,3447,3704,2320,3721
3416,3498,3747,2304,3696
3626,3436,3714,2329,3733
3696,3422,3640,2300,3687
3421,3502,3694,2298,3709
3673,3408,3697,2321,3695
3566,3437,3652,2311,3685
3393,3522,3718,2329,3714
3770,3463,3718,2321,3720
3620,3488,3710,2323,3686
3897,3503,3693,2261,3718
3639,3423,3722,2307,3701
3567,3418,3671,2307,3697
3601,3423,3692,2299,3727
3528,3466,3717,2309,3696
3757,3462,3741,2296,3720
3718,3459,3640,2335,3706
3709,3425,3677,2277,3738
3680,3459,3628,2311,3694
3804,3494,3693,2294,3706
3405,3485,3737,2291,3733
3334,3431,3739,2319,3670
3607,3479,3702,2295,3687
3454,3497,3683,2314,3676
3629,3453,3773,2308,3725
3688,3481,3727,2299,3727
3545,3460,3692,2304,3674
3566,3476,3764,2316,3709
3594,3417,3675,2319,3732
3406,3467,3710,2287,3705
3800,3462,3742,2308,3695
3694,3487,3714,2299,3678
3775,3456,3666,2300,3698
3399,3448,3637,2309,3695
3647,3483,3732,2286,3702
3549,3398,3689,2314,3724
3618,3439,3668,2317,3700
3568,3490,3683,2318,3683
3787,3406,3719,2315,3705
3450,3481,3637,2288,3717
3617,3447,3707,2295,3692
3581,3452,3752,2302,3690
3534,3444,3727,2311,3743
3523,3435,3648,2318,3721
3802,3436,3696,2310,3713
3583,3442,3756,2278,3670
3702,3463,3664,2307,3682
3465,3440,3661,2306,3713
3771,3444,3751,2314,3715
3565,3456,3678,2300,3703
3632,3528,3721,2307,3718
3645,3456,3725,2283,3683
3967,3452,3726,2299,3686
3398,3473,3655,2323,3738
3825,3449,3723,2313,3670
3699,3483,3734,2305,3704
3700,3426,3751,2304,3683
3866,3498,3721,2322,3707
3693,3492,3709,2300,3698
3739,3492,3692,2321,3715
3434,3468,3701,2288,3709
3731,3497,3703,2292,3682
3400,3451,3742,2326,3714
3588,3477,3659,2311,3701
3589,3420,3731,2285,3716
3613,3465,3682,2279,3697
3545,3479,3640,2305,3709
3396,3421,3680,2293,3674
3664,3475,3739,2283,3682
3873,3500,3737,2327,3679
3548,3439,3683,2297,3677
3631,3438,3745,2325,3739
3548,3503,3665,2278,3706
3591,3402,3699,2318,3707
3333,3494,3748,2310,3690
3748,3435,3682,2305,3747
3728,3471,3624,2304,3693
3501,3427,3702,2302,3701
3723,3481,3742,2316,3715
3452,3487,3675,2313,3704
3379,3473,3682,2298,3673
3588,3459,3728,2288,3741
3688,3434,3699,2309,3708
3683,3431,3698,2285,3687
3530,3451,3721,2306,3679
3282,3456,3649,2301,3685
3609,3480,3729,2320,3720
3669,3430,3705,2331,3704
3723,3469,3750,2318,3675
3327,3460,3687,2293,3737
3616,3507,3679,2337,3707
3564,3474,3662,2316,3700
3832,3433,3714,2326,3708
3652,3440,3688,2325,3711
3684,3440,3690,2300,3731
3799,3495,3697,2308,3682
3672,3427,3747,2306,3701
3622,3477,3649,2317,3701
3850,3453,3695,2321,3710
3255,3484,3681,2320,3703
3670,3433,3665,2308,3697
3696,3448,3625,2298,3663
3581,3460,3787,2295,3692
3571,3389,3757,2287,3712
3466,3419,3686,2298,3671
3538,3446,3730,2310,3687
3605,3419,3744,2297,3680
3707,3415,3712,2292,3690
3648,3484,3795,2319,3709
3631,3466,3739,2312,3699
3557,3481,3672,2286,3727
3679,3464,3703,2338,3669
3384,3442,3750,2310,3725
3523,3456,3768,2276,3714
3596,3419,3726,2282,3689
3624,3446,3661,2284,3709
3643,3400,3692,2327,3728
3531,3407,3685,2300,3712
3780,3424,3705,2300,3696
3537,3451,3723,2297,3722
3425,3481,3732,2298,3681
3574,3445,3724,2326,3680
3709,3456,3780,2307,3662
3607,3429,3693,2285,3673
3653,3442,3704,2296,3702
3518,3494,3658,2301,3715
3727,3507,3803,2312,3670
3867,3441,3735,2312,3701
3585,3485,3754,2310,3708
3576,3473,3744,2322,3700
3521,3401,3764,2293,3679
3645,3426,3679,2291,3680
3609,3513,3652,2299,3722
3533,3455,3677,2301,3713
3921,3461,3661,2304,3700
3697,3475,3662,2296,3726
3647,3439,3707,2286,3684
3618,3441,3739,2318,3731
3550,3444,3759,2320,3709
3622,3433,3713,2318,3735
3737,3462,3705,2330,3692
3700,3430,3733,2285,3702
3534,3481,3720,2307,3717
3650,3439,3676,2305,3693
3644,3452,3727,2310,3703
3593,3462,3734,2282,3658
3708,3407,3734,2295,3679
3599,3462,3722,2299,3726
3810,3453,3702,2286,3707
3567,3432,3654,2312,3733
3648,3437,3747,2322,3688
3710,3489,3688,2336,3703
3467,3459,3708,2327,3701
3714,3454,3745,2305,3711
3776,3482,3724,2311,3709
3571,3464,3789,2264,3696
3579,3434,3728,2294,3737
3367,3402,3757,2299,3680
3606,3398,3728,2301,3733
3733,3468,3713,2310,3711
3433,3531,3712,2330,3705
3657,3453,3663,2307,3718
3596,3496,3692,2312,3691
3818,3512,3729,2308,3685
3524,3428,3719,2302,3709
3548,3450,3672,2290,3680
3581,3441,3666,2338,3711
3819,3440,3743,2297,3721
3565,3434,3716,2306,3694
3656,3425,3753,2291,3720
3655,3387,3752,2300,3683
3584,3512,3709,2289,3681
3556,3525,3660,2312,3686
3477,3480,3680,2296,3738
3762,3435,3727,2272,3704
3526,3457,3707,2290,3706
3530,3457,3706,2296,3706
3592,3474,3676,2282,3713
3542,3479,3681,2302,3687
3680,3463,3730,2311,3723
3530,3510,3700,2295,3747
3680,3464,3687,2323,3681
3748,3435,3703,2312,3683
3804,3447,3727,2317,3674
3608,3485,3695,2270,3713
3461,3440,3734,2326,3766
3577,3487,3722,2317,3691
3566,3456,3728,2308,3737
3488,3473,3709,2322,3699
3706,3412,3653,2298,3718
3323,3461,3764,2297,3669
3417,3496,3744,2305,3717
3704,3451,3768,2320,3696
3513,3495,3606,2314,3693
3640,3485,3706,2291,3721
3501,3416,3678,2292,3707
3825,3430,3702,2308,3712
3684,3500,3668,2307,3757
3568,3459,3649,2289,3728
3563,3458,3707,2314,3694
3484,3423,3653,2329,3683
3702,3433,3711,2308,3700
3647,3461,3654,2304,3729
3431,3464,3695,2322,3747
3646,3473,3747,2289,3725
3521,3450,3691,2293,3734
3728,3463,3706,2310,3705
3645,3520,3696,2314,3704
3309,3424,3731,2288,3702
3746,3437,3693,2285,3689
3610,3467,3709,2294,3678
3595,3446,3706,2331,3744
3541,3481,3664,2315,3729
3415,3472,3698,2301,3666
3627,3493,3762,2312,3683
3536,3483,3688,2336,3726
3577,3493,3690,2307,3695
3687,3456,3743,2330,3734
3506,3459,3745,2293,3720
3493,3513,3669,2292,3703
3640,3501,3663,2300,3715
3421,3417,3690,2291,3706
3612,3453,3664,2276,3671
3653,3458,3717,2330,3694
3576,3489,3700,2301,3702
3562,3412,3679,2300,3699
3450,3454,3694,2333,3719
3770,3432,3736,2306,3723
3439,3510,3720,2289,3711
3631,3480,3759,2290,3684
3724,3444,3700,2276,3662
3685,3486,3680,2310,3681
3573,3433,3716,2293,3661
3573,3443,3714,2280,3689
3576,3454,3710,2307,3691
3573,3486,3641,2301,3723
3623,3444,3688,2303,3744
3693,3495,3702,2312,3722
3556,3469,3690,2301,3686
3513,3459,3709,2296,3727
3515,3463,3710,2303,3704
3444,3494,3713,2314,3688
3499,3458,3665,2312,3702
3662,3452,3663,2305,3711
3467,3467,3712,2288,3719
3560,3451,3672,2286,3683
3738,3475,3734,2309,3697
3546,3448,3680,2295,3732
3751,3437,3665,2311,3720
3528,3539,3697,2328,3700
3472,3434,3701,2293,3712
3544,3437,3661,2307,3683
3699,3506,3716,2290,3721
3617,3447,3691,2310,3737
3720,3437,3757,2321,3686
3657,3452,3736,2299,3693
3598,3478,3765,2309,3692
3564,3433,3773,2308,3683
3557,3432,3751,2303,3690
3485,3436,3712,2313,3697
3690,3441,3700,2313,3707
3849,3460,3707,2298,3702
3790,3542,3687,2314,3747
3541,3442,3735,2265,3726
3718,3469,3754,2318,3736
3249,3388,3767,2314,3739
3597,3495,3651,2292,3703
3465,3413,3702,2288,3744
3610,3440,3709,2301,3721
3552,3448,3753,2306,3727
3605,3471,3711,2299,3690
3627,3384,3749,2300,3673
3558,3445,3672,2290,3690
3624,3459,3683,2311,3713
3534,3400,3678,2294,3714
3785,3485,3636,2293,3702
3467,3410,3741,2296,3697
3632,3458,3727,2328,3675
3624,3456,3738,2261,3734
3591,3509,3751,2298,3727
3522,3484,3677,2307,3690
3489,3428,3733,2318,3683
3324,3440,3698,2330,3759
3398,3436,3698,2291,3697
3648,3423,3712,2289,3710
3646,3462,3715,2296,3676
3479,3450,3699,2310,3699
3776,3404,3711,2313,3700
3762,3444,3688,2316,3701
3806,3430,3760,2328,3701
3622,3480,3744,2336,3697
3712,3469,3758,2325,3700
3529,3425,3689,2308,3703
3599,3473,3713,2296,3724
3840,3467,3712,2314,3704
3478,3467,3752,2336,3737
3693,3449,3710,2302,3660
3743,3462,3692,2301,3727
3690,3444,3655,2308,3724
3504,3425,3725,2295,3714
3618,3441,3673,2283,3661
3701,3500,3706,2284,3680
3771,3464,3721,2304,3678
3421,3443,3733,2318,3669
3608,3440,3723,2311,3700
3688,3438,3696,2284,3724
3636,3379,3794,2304,3696
3662,3459,3717,2293,3694
3656,3520,3705,2298,3701
3620,3445,3695,2321,3688
3711,3431,3664,2280,3703
3611,3426,3719,2307,3712
3519,3459,3744,2314,3697
3553,3490,3665,2305,3679
3678,3503,3686,2309,3714
3528,3424,3627,2339,3678
3695,3476,3710,2315,3721
3495,3415,3696,2296,3690
3702,3453,3667,2289,3701
3477,3493,3693,2335,3700
3688,3444,3696,2318,3656
3505,3467,3711,2293,3709
3662,3441,3713,2303,3718
3486,3399,3740,2321,3732
3575,3437,3693,2314,3734
3665,3468,3640,2295,3698
3739,3441,3678,2310,3694
3746,3464,3710,2346,3711
3517,3467,3771,2286,3707
3701,3457,3768,2309,3699
3459,3488,3692,2293,3713
3434,3482,3713,2310,3718
3632,3410,3674,2302,3721
3549,3434,3699,2312,3691
3256,3441,3746,2332,3688
3543,3448,3683,2321,3713
3614,3490,3738,2311,3689
3623,3470,3687,2314,3699
3679,3447,3677,2316,3720
3585,3410,3725,2306,3654
3756,3468,3715,2298,3686
3725,3458,3689,2298,3707
3712,3404,3743,2293,3678
3662,3454,3776,2302,3716
3624,3465,3722,2316,3739
3625,3439,3652,2308,3717
3744,3437,3685,2316,3703
3493,3439,3695,2314,3713
3638,3448,3748,2323,3701
3581,3474,3692,2330,3675
3718,3468,3656,2297,3712
3628,3439,3695,2311,3678
3559,3464,3696,2298,3667
3520,3486,3679,2305,3675
3574,3475,3743,2305,3702
3847,3459,3767,2286,3730
3613,3438,3748,2296,3665
3621,3448,3648,2320,3700
3610,3489,3715,2297,3685
3611,3456,3751,2298,3722
3558,3458,3701,2326,3683
3691,3401,3646,2280,3684
3454,3466,3704,2299,3689
3560,3418,3734,2287,3720
3611,3457,3700,2308,3687
3372,3491,3722,2324,3684
3453,3405,3697,2310,3721
3694,3431,3718,2311,3713
3608,3500,3734,2298,3704
3583,3467,3644,2300,3731
3868,3503,3731,2299,3702
3463,3429,3672,2305,3703
3555,3486,3777,2304,3706
3504,3429,3741,2309,3683
3431,3435,3726,2292,3735
3667,3475,3738,2319,3720
3795,3445,3636,2307,3689
3506,3449,3679,2302,3704
3784,3507,3729,2300,3700
3733,3467,3740,2290,3719
3626,3414,3745,2302,3735
3728,3497,3757,2304,3690
3773,3392,3672,2306,3751
3569,3442,3668,2306,3706
3688,3416,3689,2296,3725
3656,3433,3695,2292,3700
3617,3501,3741,2306,3704
3418,3446,3712,2328,3702
3500,3448,3667,2302,3729
3725,3483,3676,2313,3670
3610,3448,3708,2342,3673
3386,3434,3737,2309,3742
3680,3475,3677,2283,3706
3795,3485,3740,2310,3684
3682,3468,3728,2325,3695
3504,3452,3704,2303,3697
3410,3490,3701,2295,3696
3744,3474,3705,2320,3726
3757,3453,3709,2315,3681
3694,3449,3715,2310,3708
3552,3439,3772,2288,3752
3729,3451,3743,2299,3677
3631,3389,3676,2318,3683
3803,3443,3656,2314,3730
3528,3450,3686,2299,3675
3538,3493,3747,2315,3687
3480,3441,3697,2286,3676
3745,3422,3710,2305,3710
3602,3448,3668,2325,3701
3437,3477,3673,2286,3679
3633,3500,3737,2306,3705
3455,3434,3770,2300,3739
3772,3468,3690,2299,3674
3501,3444,3678,2316,3712
3436,3412,3724,2287,3679
3628,3453,3710,2327,3695
3687,3442,3693,2266,3709
3577,3436,3738,2330,3683
3556,3452,3664,2313,3699
3576,3413,3727,2324,3710
3572,3420,3730,2315,3706
3727,3415,3670,2309,3733
3406,3475,3745,2311,3731
3493,3445,3753,2296,3697
3644,3470,3668,2299,3708
3708,3417,3777,2317,3702
3620,3472,3692,2312,3704
3609,3489,3718,2319,3711
3497,3491,3738,2317,3675
3743,3389,3697,2327,3688
3481,3409,3677,2323,3757
3690,3445,3715,2291,3670
3705,3507,3724,2293,3704
3717,3434,3669,2286,3652
3730,3514,3722,2285,3689
3592,3452,3722,2326,3685
3632,3506,3739,2332,3731
3828,3452,3726,2298,3724
3604,3444,3714,2315,3683
3603,3476,3684,2288,3707
3684,3474,3704,2319,3701
3636,3504,3719,2304,3701
3570,3505,3704,2312,3712
3665,3442,3736,2312,3695
3810,3438,3738,2312,3692
3680,3436,3679,2301,3726
3659,3492,3676,2298,3690
3901,3463,3717,2302,3700
3617,3450,3664,2295,3695
3673,3473,3659,2308,3704
3521,3468,3720,2301,3699
3579,3426,3732,2314,3722
3709,3486,3732,2314,3712
3513,3481,3718,2316,3699
3585,3416,3713,2298,3666
3447,3442,3770,2313,3694
3738,3420,3692,2319,3687
3441,3469,3689,2301,3762
3598,3402,3667,2301,3706
3432,3480,3701,2333,3702
3824,3484,3669,2297,3688
3545,3438,3694,2287,3717
3463,3415,3701,2313,3696
3475,3454,3720,2280,3708
3444,3460,3694,2301,3676
3748,3471,3766,2313,3708
3526,3480,3742,2309,3688
3433,3447,3686,2272,3698
3756,3426,3647,2314,3729
3362,3397,3744,2301,3741
3727,3461,3721,2290,3675
3538,3439,3681,2319,3703
3750,3441,3705,2268,3721
3960,3454,3675,2314,3709
3494,3454,3666,2275,3692
3587,3484,3647,2317,3698
3677,3464,3703,2293,3699
3520,3469,3690,2269,3731
3683,3495,3743,2303,3724
3747,3452,3671,2282,3721
3576,3490,3699,2303,3740
3654,3430,3693,2277,3712
3771,3472,3688,2293,3719
3512,3445,3693,2303,3716
3695,3436,3707,2305,3686
3656,3478,3715,2283,3691
3401,3396,3746,2286,3687
3712,3461,3698,2315,3746
3360,3421,3718,2312,3701
3689,3427,3644,2293,3707
3795,3484,3720,2317,3712
3508,3466,3676,2288,3715
3687,3489,3695,2307,3686
3367,3436,3741,2303,3738
3870,3473,3706,2297,3714
3664,3489,3669,2308,3705
3754,3465,3733,2323,3693
3575,3487,3701,2263,3714
3480,3483,3777,2309,3714
3566,3450,3678,2315,3710
3608,3486,3758,2301,3696
3420,3514,3781,2339,3691
3559,3443,3742,2275,3718
3447,3421,3703,2291,3693
3678,3467,3721,2299,3686
3669,3447,3737,2309,3727
3830,3456,3609,2306,3734
3353,3434,3733,2314,3698
3643,3508,3711,2320,3681
3533,3414,3738,2286,3725
3571,3467,3691,2295,3662
3598,3423,3771,2340,3732
3752,3403,3710,2293,3691
3673,3439,3675,2303,3681
3563,3430,3678,2300,3728
3786,3475,3716,2328,3732
3618,3494,3691,2327,3725
3659,3445,3720,2294,3732
3653,3481,3719,2333,3682
3651,3431,3756,2298,3694
3493,3457,3720,2290,3718
3577,3479,3707,2306,3706
3771,3459,3701,2291,3751
3704,3508,3724,2335,3716
3379,3479,3712,2309,3715
3405,3433,3728,2282,3729
3509,3439,3720,2294,3690
3645,3343,3664,2287,3714
3634,3432,3704,2336,3707
3751,3459,3673,2321,3715
3564,3474,3663,2286,3705
3698,3423,3737,2300,3697
3623,3437,3731,2297,3699
3541,3490,3711,2308,3711
3572,3514,3681,2318,3682
3803,3440,3718,2322,3695
3614,3504,3764,2297,3706
3754,3439,3651,2327,3695
3700,3436,3657,2310,3716
3533,3438,3668,2302,3704
3853,3451,3733,2327,3704
3424,3445,3696,2323,3702
3503,3460,3715,2309,3709
3347,3455,3613,2302,3728
3565,3454,3686,2304,3756
3616,3414,3727,2316,3716
3559,3456,3707,2298,3716
3799,3475,3667,2293,3705
3659,3443,3710,2275,3715
3563,3440,3768,2304,3694
3727,3475,3676,2301,3687
3270,3479,3674,2320,3732
3653,3489,3665,2306,3712
3545,3434,3627,2321,3691
3539,3446,3675,2297,3737
3588,3393,3700,2294,3728
3477,3454,3660,2320,3725
3561,3463,3731,2318,3705
3771,3425,3678,2317,3698
3783,3438,3601,2299,3704
3606,3471,3697,2302,3730
3541,3425,3680,2303,3723
3870,3445,3687,2313,3696
3684,3469,3704,2312,3668
3520,3471,3781,2311,3680
3571,3435,3597,2296,3669
3556,3472,3723,2326,3712
3588,3446,3688,2301,3711
3568,3469,3698,2274,3743
3851,3479,3686,2296,3703
3675,3506,3696,2309,3684
3486,3457,3657,2302,3704
3529,3446,3666,2288,3692
3513,3473,3660,2320,3714
3645,3505,3745,2307,3687
3446,3452,3687,2300,3723
3556,3443,3726,2302,3732
3602,3466,3669,2302,3716
3454,3444,3644,2299,3748
3630,3495,3767,2301,3706
3666,3436,3641,2313,3678
3501,3469,3729,2306,3690
3551,3477,3750,2307,3679
3584,3494,3686,2291,3667
3632,3482,3741,2338,3735
3498,3479,3700,2328,3684
3667,3401,3655,2294,3662
3614,3461,3754,2290,3688
3505,3456,3650,2300,3698
3780,3449,3703,2300,3702
3746,3426,3686,2294,3729
3524,3450,3659,2310,3690
3631,3453,3719,2294,3679
3516,3439,3708,2326,3700
3661,3432,3671,2308,3695
3589,3442,3732,2269,3713
3714,3485,3658,2305,3693
3508,3436,3721,2316,3724
3487,3454,3734,2275,3707
3452,3446,3724,2307,3725
3358,3456,3699,2293,3717
3659,3444,3660,2302,3728
3553,3463,3721,2274,3679
3729,3446,3684,2284,3705
3565,3447,3720,2284,3705
3464,3481,3718,2317,3695
3433,3475,3709,2311,3715
3476,3488,3648,2297,3683
3952,3434,3676,2295,3738
3483,3471,3723,2303,3717
3454,3483,3746,2302,3709
3672,3456,3717,2284,3719
3839,3455,3712,2323,3719
3405,3487,3677,2302,3707
3696,3471,3716,2294,3720
3667,3515,3719,2317,3707
3508,3453,3690,2296,3717
3801,3495,3711,2277,3715
3386,3439,3696,2314,3679
3695,3421,3746,2306,3722
3565,3476,3695,2288,3657
3540,3454,3679,2341,3699
3577,3425,3751,2316,3685
3475,3459,3709,2299,3697
3744,3469,3686,2286,3701
3472,3476,3696,2316,3717
3661,3478,3678,2285,3736
3538,3479,3695,2308,3706
3416,3486,3720,2322,3690
3596,3446,3723,2302,3754
3585,3491,3654,2325,3671
3622,3429,3705,2290,3720
3815,3456,3738,2306,3713
3587,3480,3721,2299,3722
3587,3467,3668,2321,3719
3616,3450,3691,2305,3700
3595,3425,3664,2308,3726
3739,3445,3777,2302,3723
3474,3434,3692,2299,3694
3766,3422,3711,2313,3697
3823,3478,3698,2300,3694
3597,3460,3692,2313,3672
3526,3469,3731,2301,3716
3449,3434,3716,2294,3715
3676,3469,3717,2291,3721
3609,3415,3788,2290,3739
3663,3431,3692,2302,3696
3860,3430,3725,2316,3718
3629,3460,3711,2311,3715
3637,3494,3690,2308,3670
3594,3412,3715,2302,3661
3777,3490,3711,2299,3706
3724,3440,3753,2288,3706
3761,3406,3710,2312,3688
3532,3485,3652,2322,3692
3631,3428,3657,2300,3729
3324,3463,3705,2317,3686
3374,3474,3688,2299,3677
3545,3486,3758,2308,3723
3868,3446,3707,2304,3682
3694,3464,3780,2287,3710
3667,3466,3701,2300,3720
3639,3444,3714,2319,3730
3434,3410,3698,2318,3713
3671,3463,3711,2309,3693
3539,3456,3658,2304,3677
3590,3429,3737,2284,3707
3766,3423,3691,2329,3706
3692,3489,3733,2321,3655
3741,3495,3679,2306,3694
3547,3472,3764,2318,3671
3581,3429,3697,2306,3707
3606,3443,3697,2318,3689
3788,3440,3693,2337,3736
3708,3474,3697,2300,3693
3549,3419,3747,2300,3750
3759,3480,3656,2319,3723
3571,3473,3725,2299,3733
3602,3465,3698,2300,3696
3533,3430,3685,2317,3671
3595,3464,3725,2301,3687
3434,3478,3749,2314,3671
3416,3464,3710,2272,3731
3746,3454,3673,2314,3728
3513,3513,3779,2327,3727
3758,3516,3697,2313,3717
3459,3428,3688,2317,3746
3569,3482,3685,2289,3668
3717,3470,3697,2315,3700
3794,3476,3658,2299,3695
3675,3478,3716,2301,3713
3646,3397,3693,2316,3714
3324,3497,3697,2329,3716
3659,3422,3715,2300,3713
3416,3461,3651,2314,3715
3455,3423,3666,2314,3677
3603,3464,3732,2308,3680
3641,3458,3727,2320,3747
3554,3503,3764,2313,3705
3710,3468,3697,2303,3675
3660,3466,3682,2295,3704
3578,3394,3664,2295,3700
3663,3465,3673,2321,3676
3490,3450,3681,2310,3661
3636,3472,3729,2321,3659
3504,3448,3713,2291,3716
3630,3395,3685,2290,3695
3610,3465,3677,2294,3689
3622,3431,3716,2296,3707
3449,3424,3711,2304,3700
3729,3403,3686,2334,3702
3691,3430,3731,2308,3710
3671,3464,3770,2285,3702
3688,3430,3731,2291,3685
3557,3438,3675,2284,3706
3470,3435,3769,2297,3667
3532,3437,3652,2280,3707
3594,3526,3703,2302,3741
3590,3462,3742,2302,3690
3649,3396,3705,2301,3706
3570,3451,3736,2306,3689
3526,3415,3676,2292,3721
3717,3466,3644,2277,3706
3642,3458,3723,2309,3751
3441,3445,3677,2319,3700
3504,3457,3744,2314,3716
3763,3490,3637,2306,3692
3773,3472,3705,2301,3717
3625,3478,3697,2298,3708
3571,3474,3686,2299,3680
3653,3473,3730,2311,3688
3601,3477,3745,2328,3698
3585,3481,3710,2311,3670
3637,3447,3711,2297,3699
3673,3470,3720,2306,3699
3564,3443,3730,2302,3690
3578,3420,3702,2319,3702
3622,3468,3743,2318,3723
3654,3428,3724,2308,3700
3660,3481,3644,2323,3716
3766,3440,3738,2297,3685
3474,3476,3688,2327,3726
3840,3458,3705,2312,3688
3628,3416,3749,2285,3671
3671,3481,3673,2319,3711
3624,3440,3730,2297,3707
3468,3494,3638,2272,3692
3447,3465,3698,2320,3750
3609,3428,3702,2306,3688
3878,3505,3725,2300,3693
3491,3423,3670,2326,3662
3669,3427,3707,2309,3743
3650,3442,3701,2305,3712
3634,3470,3730,2310,3723
3456,3412,3741,2305,3699
3490,3439,3691,2290,3675
3439,3431,3700,2322,3689
3571,3449,3709,2303,3735
3470,3475,3664,2309,3702
3706,3519,3775,2285,3686
3472,3447,3645,2305,3706
3703,3473,3735,2308,3696
3859,3416,3695,2320,3694
3642,3471,3728,2311,3742
3741,3464,3743,2289,3731
3765,3432,3720,2300,3717
3622,3450,3676,2301,3680
3750,3461,3731,2310,3716
3328,3477,3690,2296,3677
3762,3480,3704,2317,3700
3297,3474,3757,2311,3731
3552,3458,3710,2306,3736
3510,3436,3689,2303,3731
3475,3493,3713,2295,3670
3422,3496,3718,2288,3710
3859,3428,3692,2293,3685
3613,3479,3656,2329,3720
3777,3466,3767,2298,3686
3561,3457,3733,2312,3707
3577,3494,3634,2303,3682
3703,3511,3723,2338,3684
3491,3476,3719,2306,3714
3482,3471,3634,2291,3700
3573,3464,3637,2322,3716
3675,3443,3707,2324,3751
3586,3479,3751,2299,3744
3642,3484,3749,2306,3706
3649,3402,3668,2298,3678
3431,3417,3794,2299,3679
3610,3490,3718,2314,3710
3565,3411,3675,2311,3714
3689,3472,3732,2298,3675
3586,3450,3670,2308,3699
3556,3503,3714,2296,3689
3734,3482,3657,2287,3684
3481,3400,3709,2327,3689
3576,3476,3665,2313,3739
3691,3470,3671,2310,3720
3611,3495,3755,2306,3733
3472,3438,3669,2270,3683
3702,3425,3709,2326,3682
3497,3445,3669,2292,3702
3593,3545,3664,2296,3724
3644,3490,3644,2322,3662
3570,3404,3729,2329,3674
3801,3413,3623,2316,3731
3698,3435,3713,2317,3688
3556,3484,3709,2301,3735
3578,3510,3717,2305,3739
3641,3445,3725,2316,3709
3616,3499,3752,2284,3727
3326,3441,3674,2324,3697
3492,3384,3662,2313,3720
3546,3458,3642,2309,3692
3699,3408,3770,2313,3720
3675,3449,3684,2316,3672
3516,3462,3712,2291,3689
3629,3437,3665,2308,3705
3474,3454,3709,2299,3697
3779,3438,3767,2275,3695
3699,3469,3722,2331,3714
3460,3409,3673,2300,3708
3654,3460,3708,2298,3706
3664,3462,3661,2321,3722
3712,3466,3726,2328,3716
3594,3478,3766,2338,3667
3590,3450,3714,2309,3716
3838,3417,3736,2302,3738
3445,3535,3743,2337,3733
3637,3471,3645,2296,3691
3445,3454,3722,2300,3722
3703,3507,3683,2272,3695
3592,3473,3699,2344,3672
3664,3468,3694,2301,3694
3614,3443,3707,2288,3717
3415,3502,3696,2290,3717
3452,3404,3748,2329,3691
3588,3490,3704,2297,3682
3587,3443,3691,2294,3708
3586,3481,3706,2306,3717
3632,3474,3701,2278,3729
3487,3449,3663,2302,3729
3615,3489,3717,2283,3701
3603,3488,3666,2269,3670
3709,3415,3715,2290,3706
3593,3469,3655,2315,3690
3686,3427,3686,2285,3667
3675,3454,3728,2308,3700
3920,3464,3715,2289,3722
3638,3482,3718,2307,3691
3593,3474,3658,2285,3731
3759,3454,3762,2313,3688
3706,3410,3715,2288,3683
3710,3471,3705,2316,3683
3880,3482,3714,2297,3712
3636,3460,3716,2302,3678
3581,3445,3730,2336,3707
3649,3448,3666,2330,3690
3583,3449,3705,2268,3681
3718,3443,3682,2323,3693
3301,3482,3718,2309,3711
3674,3479,3651,2273,3708
3558,3459,3722,2302,3691
3598,3413,3620,2309,3686
3521,3485,3673,2316,3721
3671,3468,3679,2289,3714
3260,3445,3662,2290,3725
3498,3465,3697,2295,3712
3675,3451,3734,2299,3735
3713,3425,3771,2306,3698
3837,3470,3700,2303,3710
3557,3468,3698,2315,3706
3549,3487,3748,2284,3744
3472,3427,3727,2293,3688
3517,3419,3714,2305,3724
3500,3475,3720,2302,3745
3645,3454,3751,2301,3709
3333,3486,3696,2304,3697
3504,3414,3683,2310,3681
3977,3424,3672,2313,3682
3479,3447,3704,2307,3712
3862,3476,3661,2323,3681
3613,3454,3688,2306,3741
3416,3444,3704,2307,3676
3540,3422,3743,2304,3741
3551,3482,3712,2301,3703
3611,3454,3691,2325,3733
3500,3461,3716,2309,3701
3651,3495,3672,2305,3698
3491,3444,3710,2307,3685
3636,3445,3701,2318,3704
3518,3463,3689,2299,3682
3607,3517,3740,2323,3706
3635,3463,3740,2286,3681
3758,3431,3643,2306,3710
3535,3421,3699,2331,3708
3456,3500,3701,2276,3666
3792,3513,3648,2290,3700
3720,3411,3705,2292,3729
3507,3465,3730,2291,3717
3558,3477,3739,2306,3733
3541,3437,3712,2313,3706
3717,3437,3706,2282,3691
3636,3463,3761,2326,3694
3819,3441,3706,2288,3725
3613,3462,3681,2288,3732
3393,3505,3722,2312,3696
3550,3481,3724,2300,3693
3651,3423,3676,2288,3687
3295,3493,3757,2288,3708
3671,3406,3729,2300,3708
3476,3506,3709,2316,3723
3617,3465,3791,2274,3687
3520,3461,3698,2287,3699
3507,3465,3739,2310,3707
3636,3458,3712,2305,3712
3735,3468,3664,2298,3740
3453,3444,3765,2306,3697
3520,3472,3731,2295,3687
3751,3455,3685,2344,3718
3701,3447,3676,2331,3691
3702,3493,3729,2336,3690
3308,3437,3669,2317,3695
3561,3484,3656,2302,3684
3496,3473,3728,2275,3730
3598,3485,3738,2297,3697
3666,3444,3709,2317,3671
3579,3498,3670,2279,3679
3552,3490,3711,2313,3706
3734,3468,3683,2301,3689
3557,3380,3702,2329,3719
3629,3431,3680,2301,3662
3725,3473,3681,2302,3683
3757,3454,3723,2322,3713
3618,3462,3755,2353,3696
3424,3447,3707,2315,3711
3517,3471,3714,2306,3710
3648,3483,3747,2345,3721
3506,3439,3644,2312,3718
3431,3447,3736,2312,3680
3658,3428,3721,2316,3732
3649,3405,3706,2299,3721
3700,3399,3718,2304,3707
3457,3439,3687,2286,3685
3573,3438,3731,2314,3680
3375,3403,3646,2290,3702
3499,3488,3707,2312,3699
3237,3463,3684,2290,3675
3461,3445,3592,2301,3733
3663,3462,3743,2315,3678
3687,3494,3663,2302,3743
3676,3469,3734,2324,3707
3623,3400,3724,2307,3696
3585,3513,3708,2310,3677
3511,3479,3706,2327,3706
3777,3461,3671,2298,3720
3346,3466,3727,2304,3740
3564,3433,3708,2297,3697
3714,3443,3708,2308,3742
3633,3481,3702,2313,3699
3813,3431,3662,2295,3718
3615,3427,3712,2294,3701
3501,3459,3688,2286,3705
3528,3452,3763,2281,3686
3699,3434,3688,2290,3692
3595,3486,3775,2298,3701
3619,3417,3746,2290,3738
3586,3432,3743,2287,3713
3718,3485,3614,2282,3694
3558,3471,3689,2313,3697
3371,3402,3695,2295,3729
3769,3422,3705,2285,3696
3649,3489,3705,2276,3690
3860,3436,3724,2326,3682
3643,3446,3718,2318,3723
3522,3438,3652,2302,3713
3721,3512,3722,2314,3697
3439,3442,3696,2291,3738
3559,3438,3656,2312,3691
3501,3453,3676,2305,3676
3478,3449,3730,2308,3696
3766,3519,3669,2306,3727
3548,3483,3699,2303,3693
3411,3462,3729,2308,3676
3598,3429,3704,2327,3719
3569,3472,3726,2294,3704
3612,3507,3733,2334,3698
3552,3423,3708,2347,3713
3376,3468,3683,2309,3697
3770,3446,3725,2307,3694
3342,3466,3693,2304,3675
3517,3438,3686,2298,3687
3677,3460,3692,2308,3726
3902,3453,3711,2313,3697
3494,3430,3649,2334,3699
3467,3448,3701,2283,3700
3550,3409,3720,2332,3667
3547,3437,3697,2278,3697
3894,3489,3696,2318,3696
3580,3436,3701,2303,3691
3674,3467,3693,2340,3722
3607,3454,3705,2340,3735
3420,3466,3655,2313,3708
3689,3450,3711,2310,3708
3644,3424,3697,2313,3714
3460,3465,3711,2295,3692
3904,3471,3697,2322,3751
3584,3492,3717,2291,3718
3562,3452,3698,2294,3723
3608,3419,3716,2321,3724
3611,3492,3750,2297,3700
3666,3452,3697,2283,3712
3793,3438,3628,2288,3706
3726,3482,3680,2330,3709
3657,3468,3766,2307,3675
3740,3409,3724,2309,3707
3483,3488,3667,2321,3729
3555,3420,3733,2317,3754
3415,3515,3730,2300,3721
3811,3450,3682,2319,3730
3725,3491,3681,2287,3693
3720,3422,3703,2276,3694
3665,3442,3681,2287,3681
3407,3423,3708,2301,3706
3573,3501,3691,2285,3694
3257,3472,3647,2304,3679
3620,3430,3684,2316,3671
3540,3488,3698,2295,3693
3469,3479,3724,2291,3712
3515,3452,3642,2305,3701
3741,3377,3698,2320,3731
3604,3473,3688,2308,3715
3603,3421,3707,2284,3683
3472,3462,3750,2282,3683
3561,3458,3651,2312,3702
3332,3493,3717,2329,3685
3672,3449,3728,2300,3703
3498,3454,3670,2308,3714
3760,3464,3754,2299,3681
3557,3494,3665,2310,3706
3732,3436,3706,2294,3724
3534,3412,3767,2290,3728
3751,3479,3693,2320,3699
3679,3464,3676,2306,3726
3481,3457,3697,2318,3699
3514,3436,3687,2307,3672
3629,3481,3679,2269,3696
3329,3454,3700,2328,3712
3605,3489,3702,2298,3683
3516,3482,3692,2319,3702
3460,3439,3676,2318,3702
3585,3487,3734,2296,3704
3510,3445,3757,2305,3733
3460,3392,3698,2287,3685
3728,3490,3703,2325,3719
3687,3459,3676,2316,3680
3676,3496,3785,2311,3703
3622,3494,3710,2282,3707
3666,3452,3694,2327,3669
3565,3436,3776,2325,3685
3501,3444,3686,2310,3726
3543,3441,3710,2276,3707
3651,3457,3733,2326,3704
3650,3485,3692,2308,3705
3635,3443,3678,2332,3681
3671,3445,3708,2298,3752
3503,3468,3737,2325,3693
3559,3476,3711,2315,3698
3631,3426,3746,2309,3734
3755,3459,3660,2303,3674
3612,3396,3688,2331,3720
3484,3439,3704,2305,3698
3629,3440,3664,2303,3713
3498,3538,3719,2316,3694
3427,3452,3734,2316,3691
3557,3445,3674,2301,3722
3694,3447,3744,2276,3738
3511,3422,3690,2339,3702
3322,3468,3708,2332,3715
3640,3449,3713,2290,3709
3610,3488,3660,2309,3730
3620,3401,3774,2301,3709
3620,3465,3723,2337,3708
3630,3449,3670,2291,3712
3750,3493,3718,2281,3730
3531,3463,3702,2284,3694
3611,3425,3671,2325,3705
3679,3444,3725,2317,3693
3505,3386,3725,2312,3733
3521,3473,3677,2297,3713
3621,3499,3703,2303,3718
3940,3440,3674,2308,3682
3492,3414,3705,2319,3722
3343,3415,3641,2274,3677
3631,3478,3700,2277,3679
3512,3424,3712,2310,3699
3740,3430,3739,2285,3710
3706,3431,3738,2309,3686
3760,3477,3702,2330,3714
3632,3466,3682,2298,3682
3783,3380,3657,2295,3681
3531,3424,3686,2310,3710
3595,3487,3706,2300,3671
3399,3477,3678,2297,3673
3691,3409,3702,2311,3715
3556,3449,3676,2289,3723
3529,3551,3662,2327,3715
3521,3463,3719,2304,3746
3452,3512,3667,2292,3706
3478,3476,3686,2314,3694
3412,3441,3704,2324,3728
3541,3501,3706,2311,3699
3417,3443,3688,2309,3733
3671,3401,3667,2298,3728
3518,3460,3722,2311,3719
3302,3428,3724,2308,3679
3395,3491,3698,2291,3702
3667,3449,3729,2302,3708
3560,3465,3711,2321,3743
3804,3443,3707,2277,3699
3611,3480,3677,2314,3698
3477,3461,3683,2334,3683
3511,3490,3726,2335,3694
3691,3461,3756,2317,3700
3596,3424,3689,2276,3686
3628,3461,3728,2306,3682
3592,3459,3770,2304,3725
3468,3452,3689,2317,3735
3738,3495,3720,2304,3746
3648,3535,3695,2281,3710
3568,3424,3692,2321,3713
3604,3445,3636,2272,3736
3299,3446,3669,2325,3706
3476,3461,3736,2299,3724
3636,3461,3776,2293,3688
3560,3439,3701,2304,3703
3640,3492,3687,2300,3689
3577,3458,3741,2316,3709
3516,3403,3727,2292,3709
4014,3452,3720,2314,3708
3504,3432,3740,2291,3730
3818,3443,3692,2286,3692
3454,3452,3757,2289,3710
3321,3415,3698,2297,3690
3809,3438,3748,2303,3670
3616,3466,3671,2309,3709
3764,3472,3701,2311,3691
3598,3428,3704,2288,3694
3664,3428,3698,2281,3716
3587,3476,3731,2317,3715
3719,3416,3762,2303,3725
3609,3458,3721,2293,3734
3683,3479,3719,2310,3731
3589,3468,3645,2327,3728
3707,3474,3685,2302,3690
3691,3427,3753,2295,3709
3725,3378,3759,2298,3680
3456,3447,3682,2345,3686
3549,3434,3713,2320,3709
3560,3444,3717,2307,3725
3703,3514,3743,2313,3689
3593,3421,3651,2306,3714
3638,3448,3700,2290,3672
3709,3401,3706,2297,3710
3714,3448,3687,2313,3726
3689,3408,3734,2305,3690
3388,3527,3750,2313,3735
3538,3408,3681,2331,3690
3590,3504,3654,2307,3742
3613,3481,3702,2312,3690
3668,3398,3702,2306,3701
3781,3513,3764,2295,3716
3678,3472,3707,2293,3684
3469,3473,3680,2303,3686
3652,3477,3702,2305,3691
3683,3428,3723,2288,3721
3551,3371,3680,2307,3692
3681,3448,3694,2308,3738
3371,3418,3699,2334,3693
3583,3423,3693,2310,3672
3482,3429,3725,2309,3671
3580,3393,3725,2286,3684
3559,3481,3665,2295,3727
3652,3436,3722,2306,3682
3665,3434,3685,2276,3692
3480,3475,3752,2305,3706
3668,3424,3723,2270,3726
3462,3385,3673,2325,3704
3796,3395,3709,2302,3725
3822,3429,3729,2298,3709
3681,3473,3684,2290,3694
3553,3475,3745,2300,3703
3419,3469,3698,2301,3682
3705,3440,3718,2296,3739
3869,3434,3645,2267,3687
3647,3421,3720,2283,3655
3658,3477,3740,2337,3686
3685,3424,3732,2322,3683
3356,3439,3719,2299,3699
3755,3461,3699,2295,3712
3730,3468,3677,2302,3692
3499,3434,3713,2282,3722
3509,3438,3729,2303,3693
3581,3410,3634,2300,3693
3643,3510,3690,2304,3717
3723,3442,3687,2296,3676
3556,3467,3673,2322,3701
3551,3408,3744,2307,3672
3766,3424,3682,2303,3725
3629,3391,3732,2315,3699
3708,3446,3698,2318,3687
3561,3473,3718,2319,3709
3633,3440,3703,2314,3664
3475,3477,3725,2276,3712
3213,3457,3652,2331,3704
3613,3427,3609,2298,3729
3548,3473,3691,2314,3692
3523,3403,3705,2309,3738
3484,3443,3728,2281,3695
3539,3455,3719,2313,3667
3461,3518,3652,2299,3726
3626,3430,3716,2299,3694
3627,3457,3672,2310,3670
3708,3468,3705,2313,3699
3625,3470,3700,2293,3723
3524,3489,3688,2326,3716
3699,3434,3656,2300,3731
3734,3499,3762,2291,3692
3353,3485,3671,2319,3726
3659,3418,3712,2280,3719
3729,3450,3757,2316,3723
3552,3444,3687,2325,3691
3694,3490,3666,2314,3736
3571,3402,3723,2326,3705
3379,3450,3718,2291,3701
3470,3491,3747,2287,3663
3681,3454,3706,2286,3692
3600,3443,3723,2307,3703
3563,3411,3704,2310,3682
3888,3499,3661,2300,3696
3452,3433,3656,2276,3658
3633,3458,3705,2303,3650
3403,3477,3641,2311,3701
3578,3501,3714,2314,3683
3858,3474,3745,2295,3728
3747,3463,3723,2291,3663
3666,3478,3718,2341,3707
3651,3458,3735,2305,3721
3493,3489,3671,2306,3715
3767,3388,3735,2330,3703
3630,3512,3720,2296,3715
3743,3424,3703,2320,3743
3536,3456,3712,2307,3710
3642,3496,3641,2305,3671
3544,3428,3720,2308,3687
3816,3454,3725,2295,3711
3310,3423,3664,2300,3731
3599,3493,3679,2305,3726
3701,3510,3740,2260,3711
3603,3425,3668,2322,3730
3588,3457,3708,2299,3698
3494,3497,3688,2289,3649
3640,3494,3688,2291,3723
3635,3407,3744,2309,3696
3504,3428,3693,2343,3745
3653,3418,3661,2296,3714
3506,3387,3661,2322,3699
3583,3463,3640,2306,3688
3605,3468,3744,2303,3698
3728,3471,3730,2329,3708
3800,3419,3723,2303,3718
3483,3547,3735,2297,3705
3672,3458,3706,2322,3648
3611,3471,3791,2298,3724
3488,3471,3699,2312,3701
3365,3481,3642,2323,3725
3662,3435,3737,2300,3686
3440,3444,3706,2310,3702
3475,3504,3740,2321,3723
3768,3404,3678,2312,3726
3610,3423,3682,2318,3709
3798,3500,3671,2322,3712
3775,3446,3711,2321,3692
3732,3432,3707,2300,3717
3537,3509,3669,2306,3711
3608,3434,3677,2323,3714
3827,3501,3651,2291,3706
3589,3450,3693,2304,3695
3630,3496,3735,2311,3693
3765,3441,3693,2315,3720
3654,3424,3691,2310,3715
3751,3434,3745,2315,3674
3795,3482,3673,2297,3707
3682,3425,3726,2332,3718
3619,3457,3729,2337,3711
3647,3409,3729,2282,3692
3639,3453,3654,2306,3690
3650,3433,3714,2294,3679
3763,3491,3712,2299,3726
3614,3437,3623,2284,3740
3621,3462,3700,2320,3745
3517,3467,3701,2296,3668
3784,3525,3643,2295,3678
3470,3505,3687,2298,3690
3682,3451,3699,2294,3691
3910,3459,3755,2307,3739
3651,3496,3660,2299,3684